Workbook

Sheet 01_Orders
A1: order_id | B1: trade_date | C1: ticker | D1: side | E1: parent_qty | F1: start_dt | G1: end_dt | H1: urgency | I1: benchmark_ticker | J1: arrival_price | K1: end_price | L1: bench_arrival_price | M1: bench_end_price
A2: O0001 | B2: 45993 | C2: NVDA | D2: BUY | E2: 4802 | F2: 45993.691 | G2: 45993.781 | H2: Low | I2: XLK | J2: 188.73753 | K2: 188.52198 | L2: 231.46869 | M2: 230.7738
A3: O0002 | B3: 45996 | C3: AAPL | D3: SELL | E3: 3366 | F3: 45996.649 | G3: 45996.674 | H3: Low | I3: XLK | J3: 195.17738 | K3: 194.84782 | L3: 229.9807 | M3: 230.2056
A4: O0003 | B4: 45996 | C4: AAPL | D4: BUY | E4: 23333 | F4: 45996.698 | G4: 45996.722 | H4: High | I4: XLK | J4: 194.98682 | K4: 195.16986 | L4: 230.92872 | M4: 230.80931
A5: O0004 | B5: 45992 | C5: TSLA | D5: BUY | E5: 6666 | F5: 45992.729 | G5: 45992.812 | H5: Medium | I5: SPY | J5: 244.58235 | K5: 243.44694 | L5: 512.51032 | M5: 511.44024
A6: O0005 | B6: 45994 | C6: MSFT | D6: SELL | E6: 11441 | F6: 45994.694 | G6: 45994.729 | H6: Medium | I6: XLK | J6: 424.44853 | K6: 422.28539 | L6: 230.82819 | M6: 231.29109
A7: O0006 | B7: 45992 | C7: MSFT | D7: SELL | E7: 6877 | F7: 45992.733 | G7: 45992.816 | H7: Medium | I7: XLK | J7: 417.98222 | K7: 416.76208 | L7: 232.26271 | M7: 232.44933
A8: O0007 | B8: 45996 | C8: AAPL | D8: SELL | E8: 6922 | F8: 45996.615 | G8: 45996.701 | H8: Low | I8: XLK | J8: 195.9485 | K8: 194.83522 | L8: 230.23506 | M8: 231.028
A9: O0008 | B9: 45996 | C9: AMZN | D9: BUY | E9: 6424 | F9: 45996.705 | G9: 45996.764 | H9: Low | I9: SPY | J9: 173.07964 | K9: 174.52599 | L9: 499.7091 | M9: 496.58879
A10: O0009 | B10: 45992 | C10: MSFT | D10: SELL | E10: 13110 | F10: 45992.729 | G10: 45992.781 | H10: Medium | I10: XLK | J10: 417.60796 | K10: 418.33193 | L10: 232.41622 | M10: 232.90743
A11: O0010 | B11: 45996 | C11: NVDA | D11: BUY | E11: 13497 | F11: 45996.618 | G11: 45996.649 | H11: Medium | I11: XLK | J11: 184.90028 | K11: 185.7112 | L11: 230.21217 | M11: 229.9807
A12: O0011 | B12: 45995 | C12: MSFT | D12: BUY | E12: 20185 | F12: 45995.694 | G12: 45995.719 | H12: High | I12: XLK | J12: 423.62563 | K12: 424.37951 | L12: 230.44067 | M12: 230.72601
A13: O0012 | B13: 45994 | C13: TSLA | D13: SELL | E13: 12165 | F13: 45994.677 | G13: 45994.774 | H13: Medium | I13: SPY | J13: 244.06042 | K13: 246.427 | L13: 509.20269 | M13: 505.94065
... A121: O0120 | B121: 45996 | C121: MSFT | D121: SELL | E121: 8664 | F121: 45996.604 | G121: 45996.625 | H121: Medium | I121: XLK | J121: 424.03777 | K121: 423.3252 | L121: 229.93023 | M121: 230.16993

Sheet 02_Fills
A1: fill_id | B1: order_id | C1: fill_dt | D1: fill_qty | E1: fill_price | F1: venue_type | G1: fee_bps | H1: notional | I1: fee_cost
A2: F000001 | B2: O0001 | C2: 45993.691 | D2: 88 | E2: 188.79 | F2: BLOCK | G2: 0.05 | H2: 16613.52 | I2: 0.0830676
A3: F000002 | B3: O0001 | C3: 45993.715 | D3: 20 | E3: 188.72 | F3: LIT | G3: 0.15 | H3: 3774.4 | I3: 0.056616
A4: F000003 | B4: O0001 | C4: 45993.743 | D4: 807 | E4: 188.78 | F4: LIT | G4: 0.15 | H4: 152345.46 | I4: 2.2851819
A5: F000004 | B5: O0001 | C5: 45993.747 | D5: 603 | E5: 188.61 | F5: DARK | G5: 0.1 | H5: 113731.83 | I5: 1.1373183
A6: F000005 | B6: O0001 | C6: 45993.75 | D6: 1379 | E6: 188.89 | F6: DARK | G6: 0.1 | H6: 260479.31 | I6: 2.6047931
A7: F000006 | B7: O0001 | C7: 45993.76 | D7: 45 | E7: 189.05 | F7: DARK | G7: 0.1 | H7: 8507.25 | I7: 0.0850725
A8: F000007 | B8: O0001 | C8: 45993.767 | D8: 486 | E8: 189.29 | F8: LIT | G8: 0.15 | H8: 91994.94 | I8: 1.3799241
A9: F000008 | B9: O0001 | C9: 45993.778 | D9: 1362 | E9: 188.82 | F9: DARK | G9: 0.1 | H9: 257172.84 | I9: 2.5717284
A10: F000009 | B10: O0002 | C10: 45996.649 | D10: 140 | E10: 195.08 | F10: LIT | G10: 0.15 | H10: 27311.2 | I10: 0.409668
A11: F000010 | B11: O0002 | C11: 45996.653 | D11: 663 | E11: 195.01 | F11: BLOCK | G11: 0.05 | H11: 129291.63 | I11: 0.64645815
A12: F000011 | B12: O0002 | C12: 45996.656 | D12: 136 | E12: 194.88 | F12: LIT | G12: 0.15 | H12: 26503.68 | I12: 0.3975552
A13: F000012 | B13: O0002 | C13: 45996.66 | D13: 107 | E13: 195.05 | F13: DARK | G13: 0.1 | H13: 20870.35 | I13: 0.2087035
... A968: F000967 | B968: O0120 | C968: 45996.625 | D968: 1555 | E968: 422.93 | F968: LIT | G968: 0.15 | H968: 657656.15 | I968: 9.8648423

Sheet 03_OHLCV_5min
A1: dt | B1: ticker | C1: open | D1: high | E1: low | F1: close | G1: volume | H1: pv | I1: key
A2: 45992.604 | B2: AAPL | C2: 195.26939 | D2: 195.30053 | E2: 195.22164 | F2: 195.29669 | G2: 45427 | H2: 8871742.6 | I2: 20251201 1430|AAPL
A3: 45992.608 | B3: AAPL | C3: 195.297 | D3: 195.50267 | E3: 195.17775 | F3: 195.29705 | G3: 73878 | H3: 14428155 | I3: 20251201 1435|AAPL
A4: 45992.611 | B4: AAPL | C4: 195.17708 | D4: 195.2463 | E4: 195.14647 | F4: 195.18712 | G4: 54997 | H4: 10734706 | I4: 20251201 1440|AAPL
A5: 45992.615 | B5: AAPL | C5: 194.96426 | D5: 194.97875 | E5: 194.89973 | F5: 194.93183 | G5: 35091 | H5: 6840352.9 | I5: 20251201 1445|AAPL
A6: 45992.618 | B6: AAPL | C6: 195.23047 | D6: 195.27582 | E6: 194.98376 | F6: 195.22143 | G6: 58930 | H6: 11504399 | I6: 20251201 1450|AAPL
A7: 45992.622 | B7: AAPL | C7: 194.94284 | D7: 195.23423 | E7: 194.8201 | F7: 194.96655 | G7: 51752 | H7: 10089909 | I7: 20251201 1455|AAPL
A8: 45992.625 | B8: AAPL | C8: 194.89894 | D8: 195.09201 | E8: 194.77366 | F8: 194.83625 | G8: 29069 | H8: 5663694.9 | I8: 20251201 1500|AAPL
A9: 45992.628 | B9: AAPL | C9: 194.64979 | D9: 194.89094 | E9: 194.44352 | F9: 194.72014 | G9: 53354 | H9: 10389098 | I9: 20251201 1505|AAPL
A10: 45992.632 | B10: AAPL | C10: 194.85695 | D10: 194.93389 | E10: 194.76894 | F10: 194.86747 | G10: 32928 | H10: 6416596.2 | I10: 20251201 1510|AAPL
A11: 45992.635 | B11: AAPL | C11: 194.57361 | D11: 194.836 | E11: 194.5198 | F11: 194.55125 | G11: 49830 | H11: 9694488.6 | I11: 20251201 1515|AAPL
A12: 45992.639 | B12: AAPL | C12: 194.89991 | D12: 194.91177 | E12: 194.8565 | F12: 194.88603 | G12: 57163 | H12: 11140270 | I12: 20251201 1520|AAPL
A13: 45992.642 | B13: AAPL | C13: 194.74788 | D13: 194.89039 | E13: 194.7368 | F13: 194.83175 | G13: 90905 | H13: 17711180 | I13: 20251201 1525|AAPL
... A2766: 45996.875 | B2766: XLK | C2766: 234.17903 | D2766: 234.37517 | E2766: 233.9246 | F2766: 234.10094 | G2766: 82748 | H2766: 19371385 | I2766: 20251205 2100|XLK

Sheet 10_TCA_Calc
A1: order_id | B1: ticker | C1: side | D1: urgency | E1: parent_qty | F1: filled_qty | G1: fill_notional | H1: fill_vwap | I1: fee_cost | J1: fees_bps | K1: arrival_price | L1: impl_shortfall_bps | M1: lit_qty | N1: dark_qty | O1: block_qty | P1: lit_pct | Q1: dark_pct | R1: block_pct | S1: market_vwap | T1: dislocation | U1: rec_block_pct | V1: match_ticker | W1: match_urgency | X1: match_all
A2: O0001 | B2: NVDA | C2: BUY | D2: Low | E2: 4802 | F2: =SUMIFS('02_Fills'!D:D, '02_Fills'!B:B, A2) -> 4790 | G2: =SUMIFS('02_Fills'!H:H, '02_Fills'!B:B, A2) -> 904619.55 | H2: =IF(F2>0, G2/F2, 0) -> 188.85586 | I2: =SUMIFS('02_Fills'!I:I, '02_Fills'!B:B, A2) -> 10.203702 | J2: =IF(G2>0, (I2/G2)*10000, 0) -> 0.11279551 | K2: =VLOOKUP(A2, '01_Orders'!A:J, 10, FALSE) -> 188.73753 | L2: =IF(AND(K2<>"", H2>0), IF(C2="BUY", (H2-K2)/K2*10000, (K2-H2)/K2*10000), "") -> 6.2692339 | M2: =SUMIFS('02_Fills'!D:D, '02_Fills'!B:B, A2, '02_Fills'!F:F, "LIT") -> 1313 | N2: =SUMIFS('02_Fills'!D:D, '02_Fills'!B:B, A2, '02_Fills'!F:F, "DARK") -> 3389 | O2: =SUMIFS('02_Fills'!D:D, '02_Fills'!B:B, A2, '02_Fills'!F:F, "BLOCK") -> 88 | P2: =IF(F2>0, M2/F2, 0) -> 0.27411273 | Q2: =IF(F2>0, N2/F2, 0) -> 0.70751566 | R2: =IF(F2>0, O2/F2, 0) -> 0.018371608 | S2: 188.6453 | T2: 0.00186 | U2: 0.35 | V2: =IF(OR('99_Dashboard'!$B$4="All", '99_Dashboard'!$B$4=B2), 1, 0) -> 1 | W2: =IF(OR('99_Dashboard'!$B$5="All", '99_Dashboard'!$B$5=D2), 1, 0) -> 1 | X2: =V2 * W2 -> 1
A3: O0002 | B3: AAPL | C3: SELL | D3: Low | E3: 3366 | F3: =SUMIFS('02_Fills'!D:D, '02_Fills'!B:B, A3) -> 3165 | G3: =SUMIFS('02_Fills'!H:H, '02_Fills'!B:B, A3) -> 616755.44 | H3: =IF(F3>0, G3/F3, 0) -> 194.86744 | I3: =SUMIFS('02_Fills'!I:I, '02_Fills'!B:B, A3) -> 5.9870569 | J3: =IF(G3>0, (I3/G3)*10000, 0) -> 0.097073435 | K3: =VLOOKUP(A3, '01_Orders'!A:J, 10, FALSE) -> 195.17738 | L3: =IF(AND(K3<>"", H3>0), IF(C3="BUY", (H3-K3)/K3*10000, (K3-H3)/K3*10000), "") -> 15.879806 | M3: =SUMIFS('02_Fills'!D:D, '02_Fills'!B:B, A3, '02_Fills'!F:F, "LIT") -> 932 | N3: =SUMIFS('02_Fills'!D:D, '02_Fills'!B:B, A3, '02_Fills'!F:F, "DARK") -> 1116 | O3: =SUMIFS('02_Fills'!D:D, '02_Fills'!B:B, A3, '02_Fills'!F:F, "BLOCK") -> 1117 | P3: =IF(F3>0, M3/F3, 0) -> 0.29447077 | Q3: =IF(F3>0, N3/F3, 0) -> 0.35260664 | R3: =IF(F3>0, O3/F3, 0) -> 0.35292259 | S3: 194.9747 | T3: -0.002666 | U3: 0.45 | V3: =IF(OR('99_Dashboard'!$B$4="All", '99_Dashboard'!$B$4=B3), 1, 0) -> 1 | W3: =IF(OR('99_Dashboard'!$B$5="All", '99_Dashboard'!$B$5=D3), 1, 0) -> 1 | X3: =V3 * W3 -> 1
A4: O0003 | B4: AAPL | C4: BUY | D4: High | E4: 23333 | F4: =SUMIFS('02_Fills'!D:D, '02_Fills'!B:B, A4) -> 22516 | G4: =SUMIFS('02_Fills'!H:H, '02_Fills'!B:B, A4) -> 4391744.2 | H4: =IF(F4>0, G4/F4, 0) -> 195.04993 | I4: =SUMIFS('02_Fills'!I:I, '02_Fills'!B:B, A4) -> 51.847892 | J4: =IF(G4>0, (I4/G4)*10000, 0) -> 0.11805763 | K4: =VLOOKUP(A4, '01_Orders'!A:J, 10, FALSE) -> 194.98682 | L4: =IF(AND(K4<>"", H4>0), IF(C4="BUY", (H4-K4)/K4*10000, (K4-H4)/K4*10000), "") -> 3.2367381 | M4: =SUMIFS('02_Fills'!D:D, '02_Fills'!B:B, A4, '02_Fills'!F:F, "LIT") -> 12388 | N4: =SUMIFS('02_Fills'!D:D, '02_Fills'!B:B, A4, '02_Fills'!F:F, "DARK") -> 5863 | O4: =SUMIFS('02_Fills'!D:D, '02_Fills'!B:B, A4, '02_Fills'!F:F, "BLOCK") -> 4265 | P4: =IF(F4>0, M4/F4, 0) -> 0.55018653 | Q4: =IF(F4>0, N4/F4, 0) -> 0.26039261 | R4: =IF(F4>0, O4/F4, 0) -> 0.18942086 | S4: 194.9517 | T4: 0.001456 | U4: 0.15 | V4: =IF(OR('99_Dashboard'!$B$4="All", '99_Dashboard'!$B$4=B4), 1, 0) -> 1 | W4: =IF(OR('99_Dashboard'!$B$5="All", '99_Dashboard'!$B$5=D4), 1, 0) -> 1 | X4: =V4 * W4 -> 1
A5: O0004 | B5: TSLA | C5: BUY | D5: Medium | E5: 6666 | F5: =SUMIFS('02_Fills'!D:D, '02_Fills'!B:B, A5) -> 6423 | G5: =SUMIFS('02_Fills'!H:H, '02_Fills'!B:B, A5) -> 1561072.3 | H5: =IF(F5>0, G5/F5, 0) -> 243.0441 | I5: =SUMIFS('02_Fills'!I:I, '02_Fills'!B:B, A5) -> 15.328951 | J5: =IF(G5>0, (I5/G5)*10000, 0) -> 0.098195012 | K5: =VLOOKUP(A5, '01_Orders'!A:J, 10, FALSE) -> 244.58235 | L5: =IF(AND(K5<>"", H5>0), IF(C5="BUY", (H5-K5)/K5*10000, (K5-H5)/K5*10000), "") -> -62.892987 | M5: =SUMIFS('02_Fills'!D:D, '02_Fills'!B:B, A5, '02_Fills'!F:F, "LIT") -> 0 | N5: =SUMIFS('02_Fills'!D:D, '02_Fills'!B:B, A5, '02_Fills'!F:F, "DARK") -> 6192 | O5: =SUMIFS('02_Fills'!D:D, '02_Fills'!B:B, A5, '02_Fills'!F:F, "BLOCK") -> 231 | P5: =IF(F5>0, M5/F5, 0) -> 0 | Q5: =IF(F5>0, N5/F5, 0) -> 0.9640355 | R5: =IF(F5>0, O5/F5, 0) -> 0.035964503 | S5: 243.5647 | T5: -0.002554 | U5: 0.35 | V5: =IF(OR('99_Dashboard'!$B$4="All", '99_Dashboard'!$B$4=B5), 1, 0) -> 1 | W5: =IF(OR('99_Dashboard'!$B$5="All", '99_Dashboard'!$B$5=D5), 1, 0) -> 1 | X5: =V5 * W5 -> 1
A6: O0005 | B6: MSFT | C6: SELL | D6: Medium | E6: 11441 | F6: =SUMIFS('02_Fills'!D:D, '02_Fills'!B:B, A6) -> 11202 | G6: =SUMIFS('02_Fills'!H:H, '02_Fills'!B:B, A6) -> 4732630.7 | H6: =IF(F6>0, G6/F6, 0) -> 422.48087 | I6: =SUMIFS('02_Fills'!I:I, '02_Fills'!B:B, A6) -> 54.940287 | J6: =IF(G6>0, (I6/G6)*10000, 0) -> 0.11608826 | K6: =VLOOKUP(A6, '01_Orders'!A:J, 10, FALSE) -> 424.44853 | L6: =IF(AND(K6<>"", H6>0), IF(C6="BUY", (H6-K6)/K6*10000, (K6-H6)/K6*10000), "") -> 46.358093 | M6: =SUMIFS('02_Fills'!D:D, '02_Fills'!B:B, A6, '02_Fills'!F:F, "LIT") -> 3599 | N6: =SUMIFS('02_Fills'!D:D, '02_Fills'!B:B, A6, '02_Fills'!F:F, "DARK") -> 7603 | O6: =SUMIFS('02_Fills'!D:D, '02_Fills'!B:B, A6, '02_Fills'!F:F, "BLOCK") -> 0 | P6: =IF(F6>0, M6/F6, 0) -> 0.32128191 | Q6: =IF(F6>0, N6/F6, 0) -> 0.67871809 | R6: =IF(F6>0, O6/F6, 0) -> 0 | S6: 423.1329 | T6: -0.007102 | U6: 0.35 | V6: =IF(OR('99_Dashboard'!$B$4="All", '99_Dashboard'!$B$4=B6), 1, 0) -> 1 | W6: =IF(OR('99_Dashboard'!$B$5="All", '99_Dashboard'!$B$5=D6), 1, 0) -> 1 | X6: =V6 * W6 -> 1
A7: O0006 | B7: MSFT | C7: SELL | D7: Medium | E7: 6877 | F7: =SUMIFS('02_Fills'!D:D, '02_Fills'!B:B, A7) -> 6609 | G7: =SUMIFS('02_Fills'!H:H, '02_Fills'!B:B, A7) -> 2762775.3 | H7: =IF(F7>0, G7/F7, 0) -> 418.03227 | I7: =SUMIFS('02_Fills'!I:I, '02_Fills'!B:B, A7) -> 27.523782 | J7: =IF(G7>0, (I7/G7)*10000, 0) -> 0.099623672 | K7: =VLOOKUP(A7, '01_Orders'!A:J, 10, FALSE) -> 417.98222 | L7: =IF(AND(K7<>"", H7>0), IF(C7="BUY", (H7-K7)/K7*10000, (K7-H7)/K7*10000), "") -> -1.1974334 | M7: =SUMIFS('02_Fills'!D:D, '02_Fills'!B:B, A7, '02_Fills'!F:F, "LIT") -> 1915 | N7: =SUMIFS('02_Fills'!D:D, '02_Fills'!B:B, A7, '02_Fills'!F:F, "DARK") -> 2729 | O7: =SUMIFS('02_Fills'!D:D, '02_Fills'!B:B, A7, '02_Fills'!F:F, "BLOCK") -> 1965 | P7: =IF(F7>0, M7/F7, 0) -> 0.28975639 | Q7: =IF(F7>0, N7/F7, 0) -> 0.41292177 | R7: =IF(F7>0, O7/F7, 0) -> 0.29732183 | S7: 418.1558 | T7: -0.003723 | U7: 0.35 | V7: =IF(OR('99_Dashboard'!$B$4="All", '99_Dashboard'!$B$4=B7), 1, 0) -> 1 | W7: =IF(OR('99_Dashboard'!$B$5="All", '99_Dashboard'!$B$5=D7), 1, 0) -> 1 | X7: =V7 * W7 -> 1
A8: O0007 | B8: AAPL | C8: SELL | D8: Low | E8: 6922 | F8: =SUMIFS('02_Fills'!D:D, '02_Fills'!B:B, A8) -> 6661 | G8: =SUMIFS('02_Fills'!H:H, '02_Fills'!B:B, A8) -> 1298295.1 | H8: =IF(F8>0, G8/F8, 0) -> 194.90994 | I8: =SUMIFS('02_Fills'!I:I, '02_Fills'!B:B, A8) -> 10.652348 | J8: =IF(G8>0, (I8/G8)*10000, 0) -> 0.082048738 | K8: =VLOOKUP(A8, '01_Orders'!A:J, 10, FALSE) -> 195.9485 | L8: =IF(AND(K8<>"", H8>0), IF(C8="BUY", (H8-K8)/K8*10000, (K8-H8)/K8*10000), "") -> 53.001552 | M8: =SUMIFS('02_Fills'!D:D, '02_Fills'!B:B, A8, '02_Fills'!F:F, "LIT") -> 2135 | N8: =SUMIFS('02_Fills'!D:D, '02_Fills'!B:B, A8, '02_Fills'!F:F, "DARK") -> 0 | O8: =SUMIFS('02_Fills'!D:D, '02_Fills'!B:B, A8, '02_Fills'!F:F, "BLOCK") -> 4526 | P8: =IF(F8>0, M8/F8, 0) -> 0.32052244 | Q8: =IF(F8>0, N8/F8, 0) -> 0 | R8: =IF(F8>0, O8/F8, 0) -> 0.67947756 | S8: 195.2234 | T8: -0.009126 | U8: 0.45 | V8: =IF(OR('99_Dashboard'!$B$4="All", '99_Dashboard'!$B$4=B8), 1, 0) -> 1 | W8: =IF(OR('99_Dashboard'!$B$5="All", '99_Dashboard'!$B$5=D8), 1, 0) -> 1 | X8: =V8 * W8 -> 1
A9: O0008 | B9: AMZN | C9: BUY | D9: Low | E9: 6424 | F9: =SUMIFS('02_Fills'!D:D, '02_Fills'!B:B, A9) -> 6217 | G9: =SUMIFS('02_Fills'!H:H, '02_Fills'!B:B, A9) -> 1082585.6 | H9: =IF(F9>0, G9/F9, 0) -> 174.13312 | I9: =SUMIFS('02_Fills'!I:I, '02_Fills'!B:B, A9) -> 14.05988 | J9: =IF(G9>0, (I9/G9)*10000, 0) -> 0.12987314 | K9: =VLOOKUP(A9, '01_Orders'!A:J, 10, FALSE) -> 173.07964 | L9: =IF(AND(K9<>"", H9>0), IF(C9="BUY", (H9-K9)/K9*10000, (K9-H9)/K9*10000), "") -> 60.866862 | M9: =SUMIFS('02_Fills'!D:D, '02_Fills'!B:B, A9, '02_Fills'!F:F, "LIT") -> 4963 | N9: =SUMIFS('02_Fills'!D:D, '02_Fills'!B:B, A9, '02_Fills'!F:F, "DARK") -> 5 | O9: =SUMIFS('02_Fills'!D:D, '02_Fills'!B:B, A9, '02_Fills'!F:F, "BLOCK") -> 1249 | P9: =IF(F9>0, M9/F9, 0) -> 0.798295 | Q9: =IF(F9>0, N9/F9, 0) -> 0.00080424642 | R9: =IF(F9>0, O9/F9, 0) -> 0.20090076 | S9: 174.034 | T9: 0.014601 | U9: 0.45 | V9: =IF(OR('99_Dashboard'!$B$4="All", '99_Dashboard'!$B$4=B9), 1, 0) -> 1 | W9: =IF(OR('99_Dashboard'!$B$5="All", '99_Dashboard'!$B$5=D9), 1, 0) -> 1 | X9: =V9 * W9 -> 1
A10: O0009 | B10: MSFT | C10: SELL | D10: Medium | E10: 13110 | F10: =SUMIFS('02_Fills'!D:D, '02_Fills'!B:B, A10) -> 13041 | G10: =SUMIFS('02_Fills'!H:H, '02_Fills'!B:B, A10) -> 5450615.2 | H10: =IF(F10>0, G10/F10, 0) -> 417.95991 | I10: =SUMIFS('02_Fills'!I:I, '02_Fills'!B:B, A10) -> 70.232115 | J10: =IF(G10>0, (I10/G10)*10000, 0) -> 0.12885172 | K10: =VLOOKUP(A10, '01_Orders'!A:J, 10, FALSE) -> 417.60796 | L10: =IF(AND(K10<>"", H10>0), IF(C10="BUY", (H10-K10)/K10*10000, (K10-H10)/K10*10000), "") -> -8.427819 | M10: =SUMIFS('02_Fills'!D:D, '02_Fills'!B:B, A10, '02_Fills'!F:F, "LIT") -> 9085 | N10: =SUMIFS('02_Fills'!D:D, '02_Fills'!B:B, A10, '02_Fills'!F:F, "DARK") -> 2399 | O10: =SUMIFS('02_Fills'!D:D, '02_Fills'!B:B, A10, '02_Fills'!F:F, "BLOCK") -> 1557 | P10: =IF(F10>0, M10/F10, 0) -> 0.69664903 | Q10: =IF(F10>0, N10/F10, 0) -> 0.18395829 | R10: =IF(F10>0, O10/F10, 0) -> 0.11939268 | S10: 418.2381 | T10: -0.00038 | U10: 0.25 | V10: =IF(OR('99_Dashboard'!$B$4="All", '99_Dashboard'!$B$4=B10), 1, 0) -> 1 | W10: =IF(OR('99_Dashboard'!$B$5="All", '99_Dashboard'!$B$5=D10), 1, 0) -> 1 | X10: =V10 * W10 -> 1
A11: O0010 | B11: NVDA | C11: BUY | D11: Medium | E11: 13497 | F11: =SUMIFS('02_Fills'!D:D, '02_Fills'!B:B, A11) -> 12817 | G11: =SUMIFS('02_Fills'!H:H, '02_Fills'!B:B, A11) -> 2376848 | H11: =IF(F11>0, G11/F11, 0) -> 185.44496 | I11: =SUMIFS('02_Fills'!I:I, '02_Fills'!B:B, A11) -> 27.373193 | J11: =IF(G11>0, (I11/G11)*10000, 0) -> 0.11516594 | K11: =VLOOKUP(A11, '01_Orders'!A:J, 10, FALSE) -> 184.90028 | L11: =IF(AND(K11<>"", H11>0), IF(C11="BUY", (H11-K11)/K11*10000, (K11-H11)/K11*10000), "") -> 29.457678 | M11: =SUMIFS('02_Fills'!D:D, '02_Fills'!B:B, A11, '02_Fills'!F:F, "LIT") -> 7796 | N11: =SUMIFS('02_Fills'!D:D, '02_Fills'!B:B, A11, '02_Fills'!F:F, "DARK") -> 1118 | O11: =SUMIFS('02_Fills'!D:D, '02_Fills'!B:B, A11, '02_Fills'!F:F, "BLOCK") -> 3903 | P11: =IF(F11>0, M11/F11, 0) -> 0.60825466 | Q11: =IF(F11>0, N11/F11, 0) -> 0.0872279 | R11: =IF(F11>0, O11/F11, 0) -> 0.30451744 | S11: 185.3425 | T11: 0.005391 | U11: 0.35 | V11: =IF(OR('99_Dashboard'!$B$4="All", '99_Dashboard'!$B$4=B11), 1, 0) -> 1 | W11: =IF(OR('99_Dashboard'!$B$5="All", '99_Dashboard'!$B$5=D11), 1, 0) -> 1 | X11: =V11 * W11 -> 1
A12: O0011 | B12: MSFT | C12: BUY | D12: High | E12: 20185 | F12: =SUMIFS('02_Fills'!D:D, '02_Fills'!B:B, A12) -> 19918 | G12: =SUMIFS('02_Fills'!H:H, '02_Fills'!B:B, A12) -> 8450198.2 | H12: =IF(F12>0, G12/F12, 0) -> 424.24933 | I12: =SUMIFS('02_Fills'!I:I, '02_Fills'!B:B, A12) -> 126.75297 | J12: =IF(G12>0, (I12/G12)*10000, 0) -> 0.15 | K12: =VLOOKUP(A12, '01_Orders'!A:J, 10, FALSE) -> 423.62563 | L12: =IF(AND(K12<>"", H12>0), IF(C12="BUY", (H12-K12)/K12*10000, (K12-H12)/K12*10000), "") -> 14.722915 | M12: =SUMIFS('02_Fills'!D:D, '02_Fills'!B:B, A12, '02_Fills'!F:F, "LIT") -> 19918 | N12: =SUMIFS('02_Fills'!D:D, '02_Fills'!B:B, A12, '02_Fills'!F:F, "DARK") -> 0 | O12: =SUMIFS('02_Fills'!D:D, '02_Fills'!B:B, A12, '02_Fills'!F:F, "BLOCK") -> 0 | P12: =IF(F12>0, M12/F12, 0) -> 1 | Q12: =IF(F12>0, N12/F12, 0) -> 0 | R12: =IF(F12>0, O12/F12, 0) -> 0 | S12: 424.1304 | T12: 0.000541 | U12: 0.15 | V12: =IF(OR('99_Dashboard'!$B$4="All", '99_Dashboard'!$B$4=B12), 1, 0) -> 1 | W12: =IF(OR('99_Dashboard'!$B$5="All", '99_Dashboard'!$B$5=D12), 1, 0) -> 1 | X12: =V12 * W12 -> 1
A13: O0012 | B13: TSLA | C13: SELL | D13: Medium | E13: 12165 | F13: =SUMIFS('02_Fills'!D:D, '02_Fills'!B:B, A13) -> 11724 | G13: =SUMIFS('02_Fills'!H:H, '02_Fills'!B:B, A13) -> 2866813.4 | H13: =IF(F13>0, G13/F13, 0) -> 244.5252 | I13: =SUMIFS('02_Fills'!I:I, '02_Fills'!B:B, A13) -> 33.627488 | J13: =IF(G13>0, (I13/G13)*10000, 0) -> 0.11729919 | K13: =VLOOKUP(A13, '01_Orders'!A:J, 10, FALSE) -> 244.06042 | L13: =IF(AND(K13<>"", H13>0), IF(C13="BUY", (H13-K13)/K13*10000, (K13-H13)/K13*10000), "") -> -19.043485 | M13: =SUMIFS('02_Fills'!D:D, '02_Fills'!B:B, A13, '02_Fills'!F:F, "LIT") -> 5729 | N13: =SUMIFS('02_Fills'!D:D, '02_Fills'!B:B, A13, '02_Fills'!F:F, "DARK") -> 4329 | O13: =SUMIFS('02_Fills'!D:D, '02_Fills'!B:B, A13, '02_Fills'!F:F, "BLOCK") -> 1666 | P13: =IF(F13>0, M13/F13, 0) -> 0.48865575 | Q13: =IF(F13>0, N13/F13, 0) -> 0.36924258 | R13: =IF(F13>0, O13/F13, 0) -> 0.14210167 | S13: 245.4297 | T13: 0.016103 | U13: 0.35 | V13: =IF(OR('99_Dashboard'!$B$4="All", '99_Dashboard'!$B$4=B13), 1, 0) -> 1 | W13: =IF(OR('99_Dashboard'!$B$5="All", '99_Dashboard'!$B$5=D13), 1, 0) -> 1 | X13: =V13 * W13 -> 1
... A121: O0120 | B121: MSFT | C121: SELL | D121: Medium | E121: 8664 | F121: =SUMIFS('02_Fills'!D:D, '02_Fills'!B:B, A121) -> 8432 | G121: =SUMIFS('02_Fills'!H:H, '02_Fills'!B:B, A121) -> 3568920.8 | H121: =IF(F121>0, G121/F121, 0) -> 423.25911 | I121: =SUMIFS('02_Fills'!I:I, '02_Fills'!B:B, A121) -> 43.752363 | J121: =IF(G121>0, (I121/G121)*10000, 0) -> 0.1225927 | K121: =VLOOKUP(A121, '01_Orders'!A:J, 10, FALSE) -> 424.03777 | L121: =IF(AND(K121<>"", H121>0), IF(C121="BUY", (H121-K121)/K121*10000, (K121-H121)/K121*10000), "") -> 18.362886 | M121: =SUMIFS('02_Fills'!D:D, '02_Fills'!B:B, A121, '02_Fills'!F:F, "LIT") -> 6125 | N121: =SUMIFS('02_Fills'!D:D, '02_Fills'!B:B, A121, '02_Fills'!F:F, "DARK") -> 0 | O121: =SUMIFS('02_Fills'!D:D, '02_Fills'!B:B, A121, '02_Fills'!F:F, "BLOCK") -> 2307 | P121: =IF(F121>0, M121/F121, 0) -> 0.72639943 | Q121: =IF(F121>0, N121/F121, 0) -> 0 | R121: =IF(F121>0, O121/F121, 0) -> 0.27360057 | S121: 423.2777 | T121: -0.002723 | U121: 0.35 | V121: =IF(OR('99_Dashboard'!$B$4="All", '99_Dashboard'!$B$4=B121), 1, 0) -> 1 | W121: =IF(OR('99_Dashboard'!$B$5="All", '99_Dashboard'!$B$5=D121), 1, 0) -> 1 | X121: =V121 * W121 -> 1

Sheet 20_Scenarios
A1: Assumptions & Scenario Inputs
A3: Venue assumptions (bps)
A4: venue_type | B4: fee_bps | C4: slippage_bps_mean | D4: slippage_bps_sd
A5: LIT | B5: 0.15 | C5: 6 | D5: 2.5
A6: DARK | B6: 0.1 | C6: 3 | D6: 1.5
A7: BLOCK | B7: 0.05 | C7: 1.5 | D7: 1
A10: Urgency | B10: Base Block % | C10: "Panic" Trigger | D10: Action if Triggered | E10: Max Cap
A11: Low | B11: 0.35 | C11: Dislocation > 20bps | D11: +10% Allocation | E11: 1
A12: Medium | B12: 0.15 | C12: Dislocation > 20bps | D12: +10% Allocation | E12: 0.5
A13: High | B13: 0.05 | C13: Dislocation > 20bps | D13: +10% Allocation | E13: 0.2
A15: Strategy Logic: When the stock price moves rapidly against us (Dislocation), the algorithm aggressively seeks Block liquidity to complete the order quickly and stop the bleeding.
A17: Dislocation = (stock return over order window) - (benchmark return over order window).

Sheet 99_Dashboard
A1: Execution Quality Dashboard
A3: Filter | D3: KPI Summary (filtered)
A4: Ticker | B4: All | D4: # Orders | E4: =SUM(TCA[match_all]) -> 120
A5: Urgency | B5: All | D5: Avg IS (bps) | E5: =IF(E4=0,"",SUMPRODUCT(TCA[impl_shortfall_bps],TCA[match_all])/E4) -> 0.68011241
D6: Fill Rate | E6: =IF(SUMPRODUCT(TCA[parent_qty],TCA[match_all])=0,"",SUMPRODUCT(TCA[filled_qty],TCA[match_all]) / SUMPRODUCT(TCA[parent_qty],TCA[match_all])) -> 0.97132925
D7: Block % of Filled | E7: =IF(SUMPRODUCT(TCA[filled_qty],TCA[match_all])=0,"",SUMPRODUCT(TCA[block_qty],TCA[match_all]) / SUMPRODUCT(TCA[filled_qty],TCA[match_all])) -> 0.11981215
A8: Urgency breakdown (filtered by ticker) | D8: Avg Fees (bps) | E8: =IF(E4=0,"",SUMPRODUCT(TCA[fees_bps],TCA[match_all])/E4) -> 0.11980778
A9: Urgency | B9: Avg IS (bps) | C9: Avg Block %
A10: Low | B10: =IF($B$4="All",AVERAGEIFS(TCA[impl_shortfall_bps],TCA[urgency],$A10),AVERAGEIFS(TCA[impl_shortfall_bps],TCA[ticker],$B$4,TCA[urgency],$A10)) -> 1.0985383 | C10: =IF($B$4="All",AVERAGEIFS(TCA[block_pct],TCA[urgency],$A10),AVERAGEIFS(TCA[block_pct],TCA[ticker],$B$4,TCA[urgency],$A10)) -> 0.27519061
A11: Medium | B11: =IF($B$4="All",AVERAGEIFS(TCA[impl_shortfall_bps],TCA[urgency],$A11),AVERAGEIFS(TCA[impl_shortfall_bps],TCA[ticker],$B$4,TCA[urgency],$A11)) -> -0.88344514 | C11: =IF($B$4="All",AVERAGEIFS(TCA[block_pct],TCA[urgency],$A11),AVERAGEIFS(TCA[block_pct],TCA[ticker],$B$4,TCA[urgency],$A11)) -> 0.12869168
A12: High | B12: =IF($B$4="All",AVERAGEIFS(TCA[impl_shortfall_bps],TCA[urgency],$A12),AVERAGEIFS(TCA[impl_shortfall_bps],TCA[ticker],$B$4,TCA[urgency],$A12)) -> 3.2762413 | C12: =IF($B$4="All",AVERAGEIFS(TCA[block_pct],TCA[urgency],$A12),AVERAGEIFS(TCA[block_pct],TCA[ticker],$B$4,TCA[urgency],$A12)) -> 0.042872437
